class,message
0,เบื่อเวลามาโพสตไรแบบนี้ชอบเป็นพวกที่ใช่โปรไฟล์อื่นที่ไม่ใช่โปรไฟล์ตัวเอง เสือกไม่ลึกค่ะแบบนี้ เสียจุย
0,พ่อมึงเป็นติ่งรัฐบาลหรอสัส ที่เรียกเก็บตังแพงมันจะเอาไปใช้ไปแดกกันเองอะแหละ ควย
0,ใครก็ช่วยลบไอ้นี้ออกจากกลุ่มหน่อยครับ มันมาโพสต์เกรียนกวนส้นตีน แน่จริงมึงกล้าเอาเฟสจริงมาโพสต์ไหม
0,เครียดมากอะตอนนี้
1,เราเข้าใจ เราเป็นกำลังใจให้นะ สู้ๆ
0,ท้อแล้วนะ ไม่ไหวแล้วนะ😭😭
0,ใครยังไม่มีที่เรียนเหมือนเราบ้าง #นี่เครียดหนักเลยย 😭😭😭 #คนยังไม่มีที่เรียน
0,หดหู่จังทีมยังไม่มีที่เรียน
0,เศร้าเลย..สอบก็ไม่มีโอกาสแก้ตัวแล้วรอบเดียว ต้องโทษตัวเองที่ทำออกมาไม่ดีเอง
0,นี่เสียกำลังใจเยอะแล้ว 😢
1,พี่เป็นกำลังใจให้กับทุกคนเลย สู้ๆ
1,ดีใจด้วยทุกคน
1,ชีวิตจะสำเร็จอยู่ที่ความพยายาม เข้มแข็งเดินทางที่ถูกอะไรก้อเกิดขึ้นได้ สู้ๆนะคะ
1,ขอบคุณทุกกำลังใจนะคะ จะพยายามทำปัจจุบันให้ดีที่สุด
1,สู้ๆนะเธอ✌
1,สู้ๆๆครับ ยังมีหนทางอยู่ครับ ผมเป็นกำลังใจให้
1,สู้ๆ กะอี อย่าท้อ เราต้องเดินข้างหน้าต่อไป ✌
1,เรียนสิ่งที่เรารัก เราชอบเพราะเราจะทำได้ดี มีความสุข
1,สู้ๆ นะ ชีวิตคือการต่อสู้ 😊✌
0,เว็บล่ม ล่มเหมือนอนาคต5555
0,หัวร้อนแล้วตอนนี้
0,เยสเเม่ไอ้เปรตมาต่อยกับกูที่มาาหัวดอมึงได้เเร้วเเละที่มึงเเหลงได้งัน
0,ตรรกะป่วยจังมึงว่าป่ะ!
0,ระบบเน่า ทปอ. ไม่แก้ไขสักที เห้ออ
1,เรื่องที่น่าดีใจกว่าการสอบติด คือการได้ค้นพบตัวเอง
1,กลับมาจากนคร ก็ไปหาเจ้เลยยย ดีใจที่ได้เจอนะค้าาา หนูสอบติดแล้วไว้ไปตามบ่อยๆ 💕💕 // กอด 😚
1,ทำได้ๆๆๆ เย้ๆ 
1,ติดเเล้ววววววววววววว
1,ยินดีและดีใจด้วยค่ะกับเพื่อนๆทุกคนเลย 
1,สู้ๆนะครัชชชช ขอให้ติดคณะและมหาลัยที่อยากเข้าเด้อ
0,ถ้าไม่ได้รอบแรกนี่แรงกดดันจากคนรอบข้างเยอะมากๆ ไม่รู้เป็นห่าไร อย่ามายุ่งกับกูเลยค่ะ ความรู้สึกเหมือนหนูทดลองที่กำลังโดนยาพิษแล้วกำลังจะตายในอีก3วัน7วัน อีห่ากูเหนื่อย กูท้อ
0,ไม่อยากจะเครียดนะแต่แบบพอมันนึกถึงก็กลัวอ่ะ กลัวความผิดหวังมากๆ ยิ่งใกล้วันยิ่งกดดัน ขอให้ติดเถอะขอร้อง 😭
1,ไม่มีอะไรได้มาง่ายๆ มหาวิทยาลัยก็เหมือนกัน สู้สู้
0,ไม่ติดจริงๆเหรอวะ... ใจเสียไปแล้ว แต่ถามว่ายังรอประกาศไหมนี่ก็ยังรออ่ะ 
1,ได้เป็นลูกช้างแล้วโว้ยยยย ติดแล้ว ดีใจมาก 💕💕💕💕💕😍😍
0,ใครจ่ายเงินแล้วกลับมาลังเลแบบเราอ่ะ ฮือออ เครียด กลัวหลุด จะเป็นบ้าแล้วทุกวันนี้ ฮือออออ 😭😭😭
0,โมโหนายกอ่ะ อีเหี้ยยยยย โมโหหหห ไม่เลือกงาน..ไม่ยากจน พ่องมึงดิ เศรษฐกิจชิบหายวายวอดแบบนี้ จะให้ทำงานอะไรก็ได้งั้นหรอ โมโหๆๆๆ อย่าดีแต่พูดลมปากเหอะ ถ้าระบบTCASดีนัก รุ่นเราไม่เป็นแบบนี้หรอก มองโลกความเป็นจริงด้วย ฝากบอกทปอ.ด้วยไม่ใช่หากินกับเด็กเก่งจ้า รอบล่ะคนละ100 เหอะๆ
0,โทษตัวเองล้วนๆ คือความสะเพร่าของตัวเองโดนแท้จริง ดูวันและเวลาผิด มั่วแต่ดีใจเกินเหตุแล้วเป็นไงละอีหอย โดนสละสิทธิ์ไง คือเจ็บจนพูดไม่ออก สู้ใหม่รอบ5เลยจร้า
0,โคตรสงสารตัวเองกับคนในรุ่น ที่เกิดมาเป็น เด็ก 61 ยังไม่ได้เรียนเลยเครียดชิปหาย พ่อแม่ก็หวังด้วย สงสารพ่อแม่
0,โคตรท้อ รอโคตรนาน พอไม่ติดก็รออีก มีแต่รอ รอจนท้อชิบหายไปหมดละ แล้วเรื่องที่ไม่อยากคุยที่สุดยิ่งกว่าเรื่องน้ำหนักก็เรื่องที่เรียนเนี่ยแหละโว้ยยย ไม่ต้องพูดถึงได้มั้ยทั้งเพื่อนพ่อแม่พี่น้อง ไม่อยากคุย!! ท้อ ร้องไห้
0,เห็นน้องไปโรงเรียนกันแล้วจิตใจหดหู่มากอีเวร ไม่สามารถหันไปคุยกับใครได้เลย
0,เหนื่อยว่ะเลือกเรียนเอกชนก็ต้องมานั่งอธิบายชาวบ้านที่คอยห่วงใยอีกว่าทำไมถึงเรียน อิเวงตังก็ตังแม่กูปะวะ เป็นห่วงกูจริงจรีงงงงงงงงง เออกูโง่ กูคะแนนไม่ถึง กูขี้เกียจรอแล้ว กูเบื่อระบบทีแคส กูเบื่อมึงด้วย ยูโนววว 
0,เหนื่อยจะรอแล้วนะจิงๆ เหมือนเอาเวลามานั่งมองเล่นๆเลย กูโง่ไม่พอ กูต้องมาเดาอีกหรอว่าจะเลื่อนวันไปเมื่อไหร่อีก
0,เสียเวลาชีวิตมากเลยค่ะ หน่วยงานจะทราบบ้างมั้ยคะว่าระบบมันห่วยมาก
0,เสียเวลากูมาสองวันเต็มๆแต่เพื่ออนาคตกูอ่ะ กูต้องยอมมมมม😭😭😭😭 
0,เสียเงินก็เยอะระบบสมัครก็แย่ นี่เหรอการศึกษาของชาติ
0,เวรกรรมอะไรของเรา 😌😥😭😏😩😒
0,เลื่อนประกาศผลไปขนาดนี้รอบ4ประกาศ(19กค.) ซึ่งคาดว่าถึงตอนนั้นน่าจะล่มอีก ละเปิดเทอมสิงหา จะให้เด็กเอาเวลาไหนเตรียมตัวเข้าม. ไหนจะเรื่องหาหอ จองหอ ขึ้นทะเบียนนักศึกษา ระบบห่วยแต่ความซวยอยู่ที่นักเรียน เลื่อนกำหนดการทุกอย่างแล้วเลื่อนเปิดเทอมด้วยเลยดิ... 
0,เรียนเอกชนหรอทำไมโง่จัง? โง่เหี้ยอะไรบ้านกูมีตังไอสัด How to ตอบกลับเด็กกร่างที่คิดว่าแน่
1,เราติดม.เกษตรค่ะ ดีใจกับเราไหมคะ ติดมาสองชั่วโมงกว่าแล้ว ติดยาวยันแยกรัชโยเลยค่ะ โอเค /กางเตนท์นอน
0,เป็นเด็กรุ่นนี้จนกูเครียดเปิดฟังเพลงดนตรีไทยจนร้องไห้อ่ะคือแบบอินเข้าไปในเพลงได้แล้วเข้าใจทุกอย่างแล้ว เหมือนจะไบโพลาร์แล้วอ่ะอิเวนน 
0,เชื่อแอพไหนได้บ้างคะ admission premiumก็อวยคะแนนกูซะจนเหมือนจะติด dek-d ก็กดคะแนนกูเหมือนยิ่งจมดินไปอี๊กกก😂 
1,เชี่ยยยย ติดแล้ว ติดลาดกระบังแล้วเว้ยย
0,เคลียดนานมาก เข้ารหัสไม่ได้สักที 😭😭
0,เคลียดจังเลย กลัวไม่ติดจังเลย😭😭😭😭😭😭😭
0,เครียดมากคือแม่เอาใบสมัครไปจ่ายผิดใบ 😩😭 
0,เครียดจนร้อง😭😭😭ไม่เคยเครียดเเบบนี้มาก่อน
0,เข้ามาแล้วก็เครียด ทั้งเครียดทั้งกดดันทั้งกังวล ต้องรอต่อไปเรื่อยๆ
1,เกินกว่าดีใจที่ติด ก็ดีใจที่พ่อเราโคตรดีใจ รักพ่อนะ
0,อยู่ๆก็เครียดจนจะอ้วก การรอที่ยาวนานมันบั่นทอนสุขภาพจิตลามไปถึงสุขภาพกายจริงๆนะ อยากให้มันผ่านไปไวๆ เวลาคนมาถามเรียนที่ไหนนี่ยิ่งเป็นตัวกระตุ้นเลย ได้ยินแล้วอยากเอากำหนดการฟาดหน้า แม่ง ไม่รู้อะไรก็อยู่เงียบๆไปดิ้ //หัวล้อนนน😭 
0,อยากขอโทษพ่อแม่มากๆ ขอโทษที่ทำให้เสียใจ ขอโทษที่ทำให้ดีใจเก้อ ขอโทษที่ทำให้เสียเวลา เสียเงินเสียค่าน้ำมันไปส่งสัมภาษณ์ อยากบอกผู้ใหญ่ทั้งหลายด้วย ว่าทีหลังอย่าเอาความรู้สึก เอาอนาคตของเด็กมาล้อเล่นแบบนี้
0,หาแดก กับผู้ใหญ่ไม่ได้มาหากับอนาคตของชาติและหรอ
0,หลายคนต้องมาเสียเวลากับความไม่พร้อมของคนกลุ่มเดียว
0,หมาไม่แดกมากเถอะ เลือกคณะก่อนรู้คะแนน สอบได้ครั้งเดียวไม่มีโอกาสแก้ตัว ระยะเวลาแต่ละรอบก็นานเกิ้นน จนตอนนี้เด็กเขาจะเปิดเทอมหมดล่ะ จนตอนนี้ยังไม่มีที่เรียน บางครั้งก็ยังลังเลกับตัวเอง งง สับสนไปหมดล่ะ ว่าตัวเองชอบอะไรกันแน่ เพราะมันต้องสมัครใหม่แต่ละรอบ แล้วแต่ละวันไม่กล้าออกบ้านล่ะ ต้องมาเจอกับคำถามที่ว่า มีที่เรียนยัง สอบติดยัง จะติดตอนไหน บลาๆ เหนื่อยที่ต้องมาตอบซ้ำๆเรื่องเดิมๆ จนสภาพจิตใจแย่ไปหมด ก็เริ่มสับสนระหว่างจะเรียนต่อกับทำงานเลยดีไหม ? มีแต่เรื่องแย่ๆ เฮ้อออ ต้องใช้อีกกี่น้ำตาให้เธอเห็นใจ 😭
0,สุดท้ายก็ไม่ได้เลือกที่ที่ฝัน
0,สมัครครั้งไหนบ้างที่เว็บจะไม่มีปัญหา 😡😡
0,สถานการ์ณแบบนี้ ใช้คำว่าระบบการศึกษาต่อได้อีกหรอ ล้มเลิกไปเถอะ เหนื่อยมาก ฮือ
0,สงสารคนข้างบ้านมากอะ ติดตามมาตั้งแต่รอบแรก ถามตลอดเลยติดที่ไหนแล้วบ้าง ได้ที่เรียนรึยัง จนตอนนี้ก็แปดเดือนได้ก็ยังคงติดตามมาตลอด รออีกนิดนะคะ TT
0,วุ่นวายเหมือนเดิมประเทศไทย เพิ่มเติมคือกว่าเดิม พัฒนายังไงให้วุ่นวายกว่าเดิม งงค่ะ!
1,วันนี้เป็นนักศึกษาธรรมศาสตร์แล้วนะ❤️💛 ที่เหนื่อยและทุ่มเทมา วันนี้ติดแล้วนะ😭 
0,รู้สึกท้อแท้กับชีวิตมากอะ 😭
0,รู้มั้ย กูอยากเห็นอะไร อยากเห็นผู้ใหญ่ในทปอ.ก้มหัวแสดงความรับผิดชอบต่อหน้าสื่อ มึงงามหน้าขนาดนี้พูดลอยๆมาแค่ขอโทษเบาๆแล้วเปลี่ยนเรื่อง ที่ญป แค่ไอติมเขาจะปรับขึ้นราคามาเยนนึงผู้บริหารทั้งบอร์ดยังมาก้มหัวหน้าตึกขอโทษผู้บริโภค นี่กับเด็กม.6 เป็นแสน ไม่คิดจะรับผิดชอบหน่อยหรอ 
0,รอที่เรียนจนเป็นบ้า เห็นอะไรก็ขำไปหมด
0,มึงเมื่อไหร่เราจะได้นายกคนใหม่ ทนเห็นเหี้ยไรแบบนี้โคตรทำรายจิตใจกับความโง่ของแม่งเลยเบื่อมาก
0,มีใครโดนบังคับให้เรียนอันที่เราไม่ชอบบ้าง เราเครียดมาก ยิ่งถ้ารอบนี้เราไม่ติดคณะที่เราเลือกเราต้องได้ไปเรียนอันที่ครอบครัวอยากให้เรียนอ่ะ😭
0,มีชื่อสัมคณะที่ชอบแล้ววว แต่ม.ที่ติดไกลบ้านมากเลยกลัวแม่ไม่ให้ไป 😭
1,มข. รอบ3/2รับเราด้วยเถอะนะ เราอยากเรียนจริงๆ ถ้ารับเราคุณจะไม่ผิดหวัง เราจะไม่สละสิทธิ์แน่นอน❤❤
0,พิมพ์ใบสมัครไม่ได้😭😭
0,ผู้ใหญ่รังแกฉัน มันเย้ากับชีวิตตอนนี้มาก 😂😂😂😂
0,ประสาทแดกหมดแล้ว ถามกันอยู่ได้เรียนไหน #อหหหห ยังไม่มีที่เรียนเว้ยยย #ขี้เสือก
0,ประกาศเร็วกว่านี้หน่อยไม่ได้หรอ เด็กฟุ้งซ่านไปหมดแล้วโว้ย
0,บอกเลยว่า เหี้ยมาก =..= รู้สึกไร้อนาคตมากตอนคะแนนออก รู้สึกท้อมากด้วย สอบก็มีรอบเดียว คะแนนก็กลัวจะยื่นที่ไหนไม่ได่เพราะไม่รู้เกณฑ์คะแนนใหม่ คือเครียดมาหลายเดือนมาก ลดรอบการวิ่งสอบก็จริงแต่กูเครียดหนักกว่าเดิมมมมม
0,น้องข้างบ้านบอกต้องรีบไปรีดผ้าพรุ่งนี้ไปโรงเรียน เอิ่ม -_- ตัดภาพมาที่กู นี่กูต้องใช้ชีวิตแบบเหมือนวิณญาณเรร่อนขนาดนี้เลย สงสารตัวเอง 😂😂😂 
0,น่าเบื่อนะ นอนยุบ้านเฉยๆเนี่ย นอนรอที่เรียน นอนรอมหาลัยเปิด นอนรอไรก็ไม่รู้ ไม่รู้ว่าจะติดไม่ติดด้วยซ้ำ ได้แต่รออ่ะ งานก็ไม่มีทำ เงินก็ไม่มีเที่ยว ไปไหนก็ไม่ได้ 😭😭😭😭
0,นี่คือรำคาญครูเเนะเเนวที่รร.มากเร่งเร้าจะเอารายชื่อมหาลัยอยู่ได้ คือมันสำคัญมากเลยหรอ บ้าบอออ มาเป็นกูดูมั้ย กดดันสัส
0,นั่งร้องไห้เพราะสมัครไม่ได้ ....ขอเหลือน้ำตาไว้ตอนติดรึไม่ติดบ้างได้ไหม ทปอ 😭
0,นอกจากสงสารตัวเองแล้ว ยังสงสารแม่อีกอ่ะ เราอยากให้แม่ภูมิใจในตัวเรา เราเลยเลือกสิ่งที่คิดว่ามันจะดีกับเราในระยะยาว ทำให้เราหวังมากขึ้นไปอีก แม่ก็เครียด แม่นอนไม่หลับมาตั้งแต่คืนที่เราลุกไปสมัครสอบตอนตี4แล้ว แต่แม่ก็ต้องไปทำงานทุกวัน เราอยากติดแล้วจริงๆนะ เป็นห่วงแม่ 😭
0,ท้อจนบางทีก็นั่งๆอยู่ก็คิดว่า ไม่อยากเรียนแล้วอ่ะ
1,ที่ติดนี่คือ โล่งใจมากกว่าดีใจ เพราะเหนื่อยใจมามากแล้ว
0,ทั้งๆที่ไม่ค่อยโอเคกับรอบ3 แต่ก็เสือกสมัครเพราะอยากมีที่เนียนแล้ว... เออ กูเอง😭 เพราะความอยากมีที่เรียนของกูอ่ะ กูเลยไม่อยากไปสมัครรอบ4 แต่ก็เสือกบ่นให้รอบ3 กู กูเอ๊งงงง!!!!!
1,ติดแล้วเด้ออออ ติดแล้วจ้าาา สถานีต่อไป กูต้องแก้บน!!!!
1,ติดแล้ววววววววววขอบคุณมากนะคะ 
1,ติดแล้ววววววว ดีใจที่ตัวเองยังหน้าด้านยื่นต่อจนติด
1,ติดมศว แล้วนะ ฮื่ออออ ดีใจจจจจ
0,ตอนแรกก็ไม่ค่อยเครียดหรอก ตอนนี้เริ่มเครียดแล้วจ้า😭😭
0,ตอนนี้รอประกาศผลจนฟุ่งซานล่ะ นานเกิ้นแถมไม่รู้ว่าจะทำไรด้วย แมร่งภาวนาให้แต่ถึงวันที่ 29 เร็วๆ แมร่งโครตอึดอัดเลย
0,ตอนนี้คือเครียดเรื่องสัมภาษณ์ คือถ้าผ่าน ก็ดีไป แต่ถ้าไม่ผ่านนี่ดิ จะทำไงวะ ไหนจะวางแผนเรื่องอันดับ แล้วถ้าเข้าไปสมัครละเว็บล่ม เห้ออ เครียด ทำไมเด็ก61มันเครียดขนาดนี้ ระบบเหี้ยนี่แหละทำให้กูลุกไปไหนไม่ได้ ลุ้นตลอดเวลา เหนื่อยโว้ยยย!!!!
1,ดีใจมากกกกกกก ภูมิใจในตัวเองอ่ะ ❤️ ขอบคุณที่สู้มานะ ขอบคุณทุกกำลังใจทุกความช่วยเหลือ น้ำตาไหลเลย 
1,ดีใจด้วยกับคนที่ติดแล้ว รักทุกคนมากๆ พยายามกันมามาก ผ่านอะไรกันมาเข้าใจความรู้สึกทุกคน รู้สึกถึงความเป็นเพื่อนที่ต้อสู้กันมา รอเราหน่อยนะ รอบ4มันจะเป็นของเรา ขอให้ #dek61 ติดคณะที่ชอบ มหาลัยที่หวังไว้นะ #TCASรอบ4 🙏🏻 .เราจะไม่โดนเทรอบ4
1,ดีใจจมากกก ฮรืออ ได้ใช้แท็กนี้สักที 😭😭😭
1,ดีใจกับน้องๆทุกคนที่ติดวิศวะ จุฬาฯ ด้วยค่ะ
1,ดีใจกับคนที่ติดรอบ 3/2ด้วยนะคะ ใครที่รอแอด หรือติดแต่ไม่ถูกใจ อดใจรอกันอีกนิดนะคะ
1,จากเพจอ.ขลุ่ย ดีใจที่เห็นเพลงนี้ให้กำลังใจคนได้จริงๆ สู้ๆนะน้อง มันอาจจะเหนื่อยจนท้อบ้าง แต่สักวันมันจะเป็นวันของเรา พี่เป็นกำลังใจให้ /กอดๆ
0,จริงๆนะ คือไม่มีใครเข้าใจ #dek61 เท่าพวกเรากันเองแล้วอะ อยากนัดทุกคนไปยื่นกอดคอร้องไห้55555555 แม่งหนักจริง ว่าจะไม่เครียดแต่แม่งก็อดไม่ได้
0,จนตอนนี้หนูยังพยายามเข้าเว็บอยู่ ล่มเก่งอีดอก
0,คือแบบความรู้สึกแม่งโครตแย่อ่า ต้องคอยตอบคำถามคนนั้นคนนี้โน่นนั่นนี่ โอ้ยยยยยย ละที่สำคัญละ เครียดจนประสาทจะแดกกกกไมเกรน!!! คือหมดตังเยอะมากอ่ากับคำว่าสมัครนั่นนี่ บางที่นะแม่งบอกรอบพอตๆไม่ดูพอตดูเกรด!!! เกรดน้อยก้อแพ้ไป คือแบบแย่มากอ่า ห่วยมากเลยยย บางคนก็รอจนรากจะออกก้น คือแบบคิดมากไง กูจะมีที่เรียนป่าววะ กูอยากเรียนอันนี่ชอบอันนี้แต่ไม่ได้หวะ งั้นงี้ สารพัดปัญหา จนตอนนี้กูก็ยังไม่มีที่เรียน ไม่มีโอกาสแก้ตัว พลาดคือพลาด กูยากที่จะอธิบาย #เหนื่อยสัส
0,คือเมื่อคืนฝันดีมาก ฝันว่าได้ใส่ชุดนิสิต ละมีอวดคนอื่นอ่ะ รู้เลยว่าตอนนี้ตัวเองเครียดและหวังไว้สูงมาก
1,คือดีใจหนักมาก แบบไม่ติดก็ไม่รู้จะต่อไหนแล้วอะ เครียดกันทั้งบ้าน พอสอบติดเท่านั้นแหล่ะ แฮปปี้ยิ้มแก้มแตกกันทั้งครอบครัวไปเลยจ้า
0,คะแนนน้อย ไม่ถึงเกณฑ์แต่ก็หน้าด้านยื่นอะเอ้ออ 😂
0,ความห่วยแตกของระบบในปีนี้ไม่ใช่แค่ระบบรวน เว็บล่ม เด็กกั๊กที่กันเยอะ แต่การที่ระบบห่วยแบบนี้จะส่งผลให้เด็กในปีนี้หลายพันคนยอมจะทิ้งความฝันตัวเองเพื่อแลกกับความสบายใจว่ามีที่เรียน และมันจะส่งผลเป็นโดมิโน่ไปถึงรุ่นต่อๆไปอีก พิจารณาตัวเองได้แล้วนะทปอ. 
1,คนที่ได้เรียนคณะที่สมหวังแล้ว พ่อแม่เห็นด้วย พ่อแม่สนับสนุน ดีใจด้วยนะ ตั้งใจเรียนนะ คุณโชคดีมากแล้วที่พ่อแม่เค้าเข้าใจคุณ ที่พ่อแม่สนับสนุนคุณ มันดีที่สุดแล้วล่ะ
0,ขำไม่ออกแต่อยากขำและนอนน้ำตาร่วงอยู่
1,ขอให้ติด เภสัช มข สาธุ~🙏🙏🙏 ดังนั้นควรอ่านหนังสือได้แล้วนะ~ เหลือเวลาไม่นานแล้วนะ สู้ๆ!!
1,ขอบคุณมข.ที่ไม่เทเรา มีที่เรียนแล้วโว้ยยยยยยย
1,ขอบคุณทุกฝ่ายจริงๆทั้งทปอ. ทั้งเด็ก61ผู้ปกครองเด็กทุกฝ่ายที่ยื่นเรื่องให้มีรอบ3.2 ถ้าไม่มีรอบนี้เราคงไม่ติดแง้ ดีใจมาก ❤️
1,ขอบคุณ มข มากๆนะคะ ที่รักเรา❤❤❤มันเกินความคาดหมายมากๆ เราติด 4 อันที่ยื่นไปหมดเลย
1,ขอบคุณ #TCAS61 ที่ทำให้คนๆนึงที่ไม่เคยรออะไรได้นานได้รู้ว่าการรอคอยที่แสนยาวนานมันทรมานมากขนาดไหน ขอบคุณจริงๆ😻🙏🙏 
0,การเลือกมหาวิทยาลัยว่ายากแล้ว คณะที่จะเลือกให้มันพอดีกับคะแนนเรานั้นยากยิ่งกว่า 😭😂 
1,กรี้ด ดีใจโว้ยยยย 
1,dek61 ที่ต้องสัมภาษณ์ในวันพรุ่งนี้และมะรืนนี้ สิ่งที่อยากจะฝากคือพยายามตัดความกังวล ตัดความคิดว่าเราจะไม่ติด เตรียมตัวให้พร้อม เอกสารให้ครบ ยิ้มเข้าไว้ มือไม้อย่าแข็ง ห้ามเหวี่ยงใส่อาจารย์ สบตาตอบด้วยความจริงใจ โอกาสอยู่ในมือน้องๆแล้ว ทำให้ดีที่สุดครับ พี่เป็นกำลังใจให้ 💪🏼
0,Dek61รุ่นนี้เสียเปรียบเห็นๆอ่ะ กว่าจะติดก็ครึ่งค่อนปี จะซิ่วก็ไม่ได้อีก เพราะ เตรียมตัวไม่ทัน มีใครใหัมากกว่านี้อีกมั้ยคะ
0,แค่คณะนี้เอง ทำไมล่ะ ทำไม แค่นี้ของคุณ มันแม่งเป็นสุดยอดของเราเว้ย อย่ามาดูถูกความชอบของคนอื่นสิ ชอบยุ่งจัง พวกไม่ได้ช่วยจ่ายค่าเทอมสักบาทเนี่ย
0,เกลียด ชอบหลอกให้สั่งซื้อ ที่ไหนได้ไม่มีสิ้นค้า
0,สินค้าด้อยคุณภาพ
0,สินค้าหมดทำไมไม่แจ้งขึ้นว่าหมดอะ.กดใส่ตะกร้าไปเถอะ.เซ็งเรย
0,อย่าทำแบบนี้กับใครอีกนะค่ะแย่มากค่ะ
0,คือเเบบผิดหวังมาก เเย่ที่สุดได้ของมาฝาเเตก เเตกนิดหน่อยไม่ว่าเเตกเยอะมาก ครั้งเดียวพอจบเเยก😢
0,ส่งช้าจัง รอนานมาก ยกเลิกก้อไม่ได้
0,แย่มากกกกกกค่ะ เอาของพังมาให้ฉุนมาดค่ะไม่พอใจเป็นอย่างมากค่ะ. ส่งของ ก็ไม่ได้ใบเสร็จ. ไม่ไหวจะเคลียร์
0,ไม่แนะนำซื้อมาใช้ได้วันเดียวใช้ไม่ได้แล้ว
0,แย่ๆสั่งสินค้าไปหลายวันแล้วไม่ส่งให้สักทีเหนื่อยกับการรอคอย
0,เสียความรู้สึกอย่างมาก สวยแต่ในรูปใส่ได้ครั้งเดียว ไม่ดี
1,ยอดเยี่ยมค่ะ ราคาเหมาะสม บอกต่อได้เลยค่ะ
1,สวยค่ะ เหมือนในรูปเลย ชอบค่ะ ส่งของไวมากก
1,ใช้ดีค่ะหน้านุ่มและขาวขึ้น
1,จัดส่งเร็วมาก สะดวกดี ของจริงขนาดใหญ่กว่าที่คิดไว้ แต่ใช้งานได้ดี
1,ชอบสินค้ามาก ไม่ผิดหวังที่รอ สวยยังบรรจุภัณฑ์คับ
1,สินค้าส่งรวดเร็ว พอใจในสินค้าครับ
1,สินค้าคุณภาพดี แข็งแรง เสียงดี เด็กๆ ชอบ และยังส่งเร็วด้วยค่ะ
1,ราคากับคุณภาพของสินค้ามีความเหมาะสม ใช้งานง่าย
1,ส่งของไว ห่อพัสดุดี  ของใช้งานเยี่ยม
1,สวยค่ะ การจัดส่งก็รวดเร็วดีค่ะ
0,ใช้เดือนเดียวพังแย่ๆมากๆ
0,เสียใจความรู้สึกมากกระเป๋าบางมากไม่ตรงกะแบบสินค้าที่ลงการแพ็คของส่งก็แย่เอาถุงดำที่ใส่ขยะแถมสกปรกมากทำไมไม่ตรวจสอบก่อนส่งถึงมือลูกค้าเราไปซื้อของคุณนะไม่ได้ไปขอฟรีๆปรับปรุงด่วน!!!! 
0,การส่งของแย่มาก ขนาดตะโกนว่ารอเดี๋ยว ยังโยนสินค้าข้ามรั้ว ถ้าโน้ตบุคเสียหายจะทำยังไง
0,ใช้ในรถระบบเสีย พังใช้ต่อไม่ได้
0,ผิดหวัง ลบไม่ออก
0,หมดอายุแล้วไม่ควรเอามาลงขายค่ะเสียใจผิดหวังมากๆค่ะกว่าจะหมดแพงด้วยนะ
0,ส่งช้ามาก ตอนนี้ยังไม่ได้ของ
0,ได้รับของแล้วผิดหวังมาก ไม่ดีเลยค่ะ
0,สินค้าไม่มีคุณภาพสายกางเกงไม่เท่ากัน
0,ช้าสุดๆรอจนรำคาญละ
1,คุณภาพคุ้มค่าครับ
1,ส่งเร็วดี ใช้ดีคุ้มมาก ราคาถูก
1,ได้รับสินค้าเร็วค่ะ และสินค้าก็มีคุณภาพ สวมใส่สบายตัวมากๆๆ เลยค่ะ
1,ได้รับของเร็วมาก.. แถมสินค้าได้ตามต้องการสวยมาก
1,รับประทานดีอยู่นะครับ มองเห็นความเปลี่ยนแปลงของร่างกาย ทานแล้วรู้สึกว่าดีนะ
1,ใช้ได้ดีเหมาะกับราคานี้ ก็สรุปว่าดีครับ
1,สินค้าใช้แล้วดีมากไม่ทำให้ลูกแพ้เลยแถมราคาถูกกว่าในห้างและตามร้านค้าอีก
1,ใช้งานดีมากส่งของก็เร็วของครับ
1,ส่งไวมาก สั่งตอนเย็น ตอนเช้าได้แล้ว สินค้าแพ็คมาดีมาก ใช้งานได้ปกติไม่มีปัญหาอะไร ถือว่าคุ้มค่าสุดๆครับ
1,วัสดุค่อนข้างดีนับว่าคุ้มราคาครับ
0,สินค้าไม่เหมือนในรูป ผิดหวังมาก เย็บไม่ดีเลย
0,ใช้แล้วสิวขึ้นเต็มเลยไม่รู้แพ้รึเปล่า....เซ็งเลยเหลือตั้งเยอะเสียดายมาก
0,คุณภาพแย่มากใช้งานไม่ได้แม้แต่ครั้งเดียว
0,ผิดหวังมาก ไม่แนะนำให้ใช้ค่ะ
0,สรุปแพงกว่าท้องตลาดคะแย่มากเสียความ
0,รู้สึกผิดหวังมาก ไม่ใช่แบบที่หวังไว้เลยย
0,แย่มากๆๆๆๆ ไม่ส่งของแถมมาให้ตามที่โฆษณา 
0,งานไม่ค่อยดี ไม่สมกับราคา
0,แย่มากเลย นมใกล้หมดอายุ ครั้งนี้ครั้งสุดท้ายนะคะที่จะสั่ง
0,ใช้ได้ไม่กี่เดือนก็พังล่ะยังใช้ไม่คุ้มกับราคาที่ซื้อมาเลย
1,ใส่สบายสั่งหลายรอบแล้วจร้าาา
1,ส่งของรวดเร็วดี คุณภาพใช้ได้ค่ะ
1,ใช้งานได้ดีราคาไม่แพงมาก
1,ชอบที่ส่งเร็วมากครับ ทันใจดีจิงๆ
1,รับของไว พนักงานส่งของดีมาก คุณภาพคุ้มราคา
1,ดีครับ คุ้มค่าคุ้มราคา น่าจะใช้งานได้ทนทานมือใหม่น่าเอามาใช้ครับ
1,คุณภาพพอใช้ได้  ดูบอบบางจัง ต้องดูระยะการใช้งานระยะยาวค่ะรวม ๆ ถือว่าโอเคค่ะ
1,สินค้าแพคอย่างดี ที่สำคัญส่งขอเร็วมาก คิดว่าจะได้ช้าเสียอีก
1,ส่งของไวมาก แต่ราคาขึ้นลงบ่อยมา ต้องเข้ามาเช็คราคาบ่อยๆ ว่าวันไหนจะราคาถูก แต่คุ้มแน่นอนค่ะ เลือกซื้ออันนี้ไม่ผิดหวังค่ะ
1,ได้รับของเร็วมาก กระทะร้อนเร็ว ทำอาหารได้หลายอย่างเลยค่ะ ชอบมาก
0,เสียดายที่ไว้ใจใช้บริการผิดหวังมาก เอาสินค้าของคุณคือไปเถอะ แล้วคืนเงินให้เรา สั่งของก็บ่อยต่อไปไม่สั่งแล้ว แย่มากๆๆๆๆๆๆๆๆๆๆๆๆๆๆ
0,แย่มากอย่าสั่งนะ
0,แย่มาก รูปดูสวยหรูดีนะ แต่มาเจอของจริงนี่แย่สุดๆ สินค้าไม่สมกับราคาเลย 
0,แย่มากเสียดายเงิน
0,สินค้ามีรอยตำหนิ เป็นรอยง่าย 
0,สินค้าคุณภาพแย่มาก วัสดุเหมือนหมดอายุแล้ว
0,สินค้าส่งมาแตกหัก ยังไม่ได้ประกอบเลย เสียความรู้สึก
0,ซื้อแล้วผิดหวังสินค้าไม่มีคุณภาพ
0,แย่มาก บิดน้ำไม่แห้ง เสียดายตังมาก
0,ตกใจมาก โคตรแย่ ก่อนหน้านี้ใช้ดี ชอบมาก ปลอดภัยดี ตอนระเบิดมีกลิ่นไหม้กับประกายไฟ ไม่เป็นแผลแต่เป็นดำๆ ที่มือ แสบเล็กน้อย
1,สินค้าใช้ดีสีสดใช้จนถึงทุกวันนี้
1,ร้านนี้ ขายสินค้าตรงตามประกาศ ส่งตามกำหนด สินค้าใช้งานดี
1,ถูกกว่าในห้างเยอะเลยครับ ภาพชัด สินค้าใหม่ พนักงานบริการดีมาก สั่งสินค้ากับลาซาด้าไม่เคยผิดหวังเลยครับ
1,แรงดี หน้าจอใหญ่ ส่งของเร็ว พอใจครับ
1,จอใหญ่มาก คุณภาพเสียง ชัดเจนดีมาก โดยรวมแล้วคุ้มค่ามาก
1,พกพาสะดวก ได้ของเร็ว
1,โอเคมาก เป็นอย่างที่คาดหวังไว้ เยี่ยม
1,ได้สินค้าภายในสองวัน OK นะครับ สมราคา ใช้งานได้ปกติ
1,ดีมากๆๆคะ ได้เร็ว แพ๊คดี สินค้าสภาพดี ราคาถูก ไม่ต้องไปเดินช๊อปเอง ดีคะ
1,ส่งของรวดเร็วมาก สินค้าใหม่ด้วย โดยรวมให้คะแนนเต็มครับ
0,ไม่พึงพอใจเลย  สินค้าผลิตจากพลาสติกด้อยคุณภาพ  ก๊องแก๊งมาก
0,แพ็คของไม่ดีมากเลยครับข้างในกล่องฉีกขาดไม่สวยเลย
0,คุณภาพสินค้าไม่น่าประทับใจ
0,วัสดุแย่ ขาดง่าย เสียดายเงิน
0,อย่าขายเลย ยกเลิกโปรนี้เถอะ เสียความรู้สึก ดูมาหลายเดือนละ
0,แบตแย่มากค่ะ หมดเร็วมาก รับประกันไม่ได้ชวยอะไรเลย 
0,เห็นแล้วรู้สึกแย่ ไม่มั่นใจในสินค้าร้านนี้
0,คุณภาพแย่มากค่ะ ใช้ครั้งแรกมีกลิ่นไหม้ออกมาเลยแถมข้าวไม่สุกด้วย
0,เสียเวลามากๆ กว่าจะทำเรื่องคืนเงินได้ ของก็ต้องใช้ ต้องไปซื้อใหม่ เสียเงินซ้ำอีก ระบบการทำงานแย่มาก มันเหมือนกันมากเลยหรือ ส่งผิดรุ่นได้
0,หลอกลวง ต้มตุ๋น เอาของปลอมมาขาย ร้านโจร
1,ส่งเร็วทันใช้ตามความต้องการ
1,เนื้อผ้าดีแต่ไม่หนา เซ็กซี่ดีแต่ไม่โป๊ะ คุณภาพสมกับราคา
1,ง่ายดีไม่ต้องหาซื้อให้ยุ่งยาก
1,สมราคาค่ะ ภาพชัดเจน เทียบกับยี่ห้ออื่นราคาถูกกว่า
1,สวยมาใช้งานง่ายมากที่สำคัญส่งเร็วมาก
1,เสียงดี ส่งเร็ว ราคานี้คุ้มครับ 
1,ใช้ดียังไม่มีปัญหาอะไรค่ะชอบมาก
1,สเป็คถือว่าโอเครเลยคับ ไหลลื่นดีไม่มีสดุด สมกับราคา และคุ้มค่ามากๆเลย
1,ใช้ดีส่งของไว มากเจ้านี้  วัสดุคุณภาพจริงจริง
1,แพคของเรียบร้อยดีค่ะ ส่งเร็ว ไว้จะสั่งอีกนะคะ☺
0,เกรดต่ำเหมือนกับว่าเอาของถูกๆมาคละกัน
0,สั่งซื้อแล้วอยู่ดีๆมายกเลิก เสียความรู้สึกเลยครับ
0,ไม่เป็นไปตามที่โฆษณา ส่งสินค้าไม่ตรงตามกำหนด เมื่อสินค้ามีปัญหาไม่รับผิดชอบใด 
0,ไม่ซึมซับลูกอับชื้นโฆษณาเกินจริงเสียเงินฟรีไม่คุ้มแย่มาก
0,ไม่มีคู่มือ แย่มากครับ กล่องก็ไม่มี ใส่ถุงมาให้ ทุเรศมากครับ
0,สินค้าไม่ตรงปก ของคุณภาพร้อยกว่าบาท แย่ๆ
0,แย่มากๆสั่งของจ่ายเงิน แต่ไม่ได้ของ!
0,ใช้ได้แป็บเดียวพังแล้ว
0,สินค้าชำรุด ส่งมาถึงแกะดู สินค้าแตก
0,ซื้อมายังไม่ทันเล่นเลยพังซะแล้ว
1,ผ้านิ่ม เด้งๆ ดีกว่าที่คิดไว้ ชอบคะ
1,โอเครค่ะได้สินค้าตามรูปผ้าใส่สบาย
1,เสื้อสวยถูกใจค่ะส่งเร็วทันใจดี
1,คุณภาพเหมาะสมกับราคา ใช้งานOK ต่อดูภาพจากคอมชัดมาก จัดส่งเร็วดี
1,เนื้อผ้าดีมากๆๆๆๆเกินราคา กำลังจะสั่งเพิ่มอีก ช้าหน่อยแต่ได้มาไม่ผิดหวังเลยค่ะ
1,ใช้ดี ราคาไม่แพงเกินค่ะ พอใจมาก
1,ใช้ดีมากค่ะ ช่วยให้หน้าตึงขึ้น หน้าไม่เหี่ยว  เราใช้มาตลอดค่ะ สั่งอีกแน่
1,จากการพิสูจน์เป็นหนังแท้ เลือกไม่ผิด งานเย็บละเอียด ชอบครับ 
1,แพ็คสินค้าดี สินค้าคุณภาพ สมราคา แฟนประทับใจครับ
1,ส่งของได้เร็วมาก สินค้าใช้ได้ดีไม่มีปัญหา คุ้ม
0,เสียความรู้สึกค่ะมาไม่ตรงที่สั่ง
0,มันผิดพลาดอะไรหรือลงรูปเพื่อหลอกให้คนสั่งซื้ออธิบายหน่อย
0,สินค้าคุณภาพไม่ค่อยดี
0,สินค้ามีตำหนิ แย่มากๆ ไม่ไหวๆเลย ถ้ามีตำหนิก็บอกด้วยครับ จะได้ทำใจก่อนซื้อ
0,เปราะบางมากความแข็งแรงน้อย มันง่ายต่อการแตกหัก
0,ขนส่งก็ช้าสินค้ามีตำหนิแพ็คสินค้าไม่ดีมีรอยบุบ
0,สินค้าเหมือนของปลอม เนื่อครีมเหมือนซอง 10 บาท บรรจุภัณฑ์เหมือนก๊อปมา ไม่เหมือนของจริงในห้างเลย เสียดายตังค์ ซื้อมาทิ้ง
0,รายการไม่ดี ที่จับไม่ดีและสั้น
0,อ้าว อยากมีเรื่องหรอวะ ไอ้หัวเกรียน!
1,ขอโทษที่รบกวนคะ
1,รักเธอนะ คนดี
0,เหี้ย สัตว์มึงอย่าเสือกดิ
0,ไอ้คนทรยศ แกอย่าหวังว่าจะตายดี
1,ดีใจด้วยนะ คุณหญิงกฤตยา
1,เธอเป็นความภูมิใจที่สุดของฉัน
0,ทปอ. ว่าแต่เขาอิเหนาเป็นเอง ขี้คุยชมัด
1,ติดมหิดล รอบพอร์ตแล้ว เย้ๆๆ
0,มือถือค้างอ่ะ เซ็งจัง
1,เอาหมูคุโรบุตะมาทำสเต๊กนี่ กินแล้วฟินขั้นเทพพพพ
0,เกรซไม่เคยเปิดใจให้เรา ไม่รู้เค้ามีอคติไรนักหนา
0,สอบเกือบผ่าน ตกไปแค่ 0.5 คะแนนเอง ถถถถ
1,ทักคับ 😃
1,ยินดีด้วยแนนได้ผู้แทนเลขละ มาสอนข้าน้อยด้วยด่วนๆ5555
0,น่าเสียดายอ่ะน้องแกพลาดประธานตึกไปแค่ 16 แต้ม 😭
1,น่ารักมากมายด์ ตายอย่างสงบศพสีชมพู❤️
0,หลายครั้ง ความรักก็ทำให้เราตาบอดนะ เอิร์น
0,เหม็น หยุดใช้น้ำหอมยี่ห้อนี้ได้มะ เรารู้สึกเหม็นฉุนๆ มากกว่าหอมอ่า._.
1,พระคุณที่สามงดงามแจ่มใส
0,ของเก่าจนเกือบจะใช้ไม่ได้ เหมือนอายุเจ้าของที่ใกล้ลงโลง
1,สบายดีจ้า~
1,5555555555 ขำจังเลย ตลกดี ชอบ
0,เราไม่ชอบเฌอปราง แบบเกลียดขี้หน้านาง
0,แล้วจะให้ฉันทำยังไง แกทำตัวแย่ซะขนาดนี้ ไอ้ลูกทรพี
0,หิวข้าว รู้งี้กินข้าวเที่ยงดีกว่า เรื่องจริงนาจา
1,สวัสดีครับ หมาคุณน่ารักจังเลย มันชื่ออะไรหรอคับ
1,สุดที่รักเธอโทรมาหา ช่วยรับสายหน่อยสิจ้ะ
0,อย่าให้เขาต้องรอนานอย่างนี้เลย ผิดไปแล้ว 🙏
0,รักเธอมากเกินไป จนต้องทุกข์ใจเพราะเธอไม่แคร์ในสายตา
1,ขอให้มีความสุข สุขสันต์วันเกิดนะ คุณย่า 👵
0,กากวะ ไอ้เมากาวสายนู้ป กูไม่เคยได้คะแนนน้อยขนาดมึง
0,ก็แค่พวกชอบนินทาชาวบ้าน
0,ย้ายที่สักทีเถอะ หนูเบื่อยัยไร้ความรู้สึกคนนี้ จนจะทนต่อไปไม่ไหวแล้ว
1,สุขกันเถอะเรา เศร้าไปไม่ได้อะไร ยิ้มเยอะๆเด้ออ
0,ทุกอย่างไม่เที่ยงแท้ สักวันเธอก็ต้องแก่และมีผมขาวขึ้นเหมือนลุง ไมตรี
1,แกเราได้เกรดสี่ เคมีอินทรีย์เว้ยเฮ้ย
0,แววนี่ คนขี้อวด 2018 ส่งเข้าประกวด
1,แต่ก็แววมันมีดีให้อวดอ่ะ หรือว่ามันไม่จริง
0,เอมี่เดินออกจากวงสนทนาเงียบๆ รังเกียจพวกชอบดราม่าเกินเหตุ
0,ครูรุ่งทิวา วาดรูปเมมเบรนของเซลล์เม็ดเลือดได้ห่วยแตก มาก มว๊ากแก
1,กชพรเป็นนักเรียนที่ดี ไม่เคยมาโรงเรียนเลทตั้งแต่เปิดเทอมมา
0,เบื่อพวกชอบอวดแฟนให้กับคนที่เพิ่งอกหักหมาดๆ แบบกูว่ะ เต้
1,สารสื่อประสาทแอซิติลโคลีน ช่วยกระตุ้นให้ความจำดีขึ้นได้ค่ะ
1,สารสื่อประสาทเอนดอร์ฟินจากสมอง ลดความรู้สึกเจ็บปวดลงได้
0,หยุดเถอะ ขอละนะ มันน่ารำคาญ
0,น่าสงสารลูกวัยสี่ขวบ พ่อถูกวิสามัญ แม่ต้องติดคุกตลอดชีวิตเพราะค้ายา
1,กระแสประสาทจึงส่งไปสมองน้อยลง ทำให้สงบไม่วิตกกังวล
0,สาบานเหอะว่าที่แกพูดนะ แกไม่รู้ความหมาย กูไม่เชื่อหรอกโว้ย
1,ขอพระองค์ทรงพระเจริญยิ่งยืนนาน
1,พระองค์ทรงเปี่ยมล้นด้วยทศพิธราชธรรม
1,แต๊งกิ้ว
1,ไม่เป็นไร ขอบคุณที่นึกถึงเรานะพิม
0,อย่าไปเชื่ออิพลอย พลอยแม่งชอบโกหก
0,อยากให้ดูวิดีโอก็ดูไม่ได้
0,ครูลืมสั่งงานน่ะนักเรียน
0,คิดตัวอย่างไม่ออกแล้ว ไม่นะม่ายยยย
0,จะแปบหนึ่งอีกกี่ครั้ง เราทนไม่ไหวแล้วจิงๆ
1,ดีใจด้วยครับ พี่แบม
1,ยินดี เป็นเรื่องที่น่ายินดีมาก
0,ขี้เกียจทำงานชีวะอ่ะ
1,น่ารัก น่ากอด หลานใครเนี่ย
1,เราก้ชอบเทอเหมือนกันจ้าาา ตกลงครัช
0,ฐิตาแม่งเย็นชาที่สุดในสามโลก
1,ไม่ ไม่ปฏิเสธ ขอบคุณสำหรับซูชิหน้าปลาไหลญี่ปุ่นงับ
0,รอรถไฟฟ้าบีทีเอสนานมากๆวันนี้
1,เทอมนี้เรียนได้เกรดสี่ทุกวิชา
0,พราวตาอักเสบ เนื่องจากอุบัติเหตุแสงแฟรชเข้าตาอย่างจัง
1,แก้มเป็นคนดี มีน้ำใจ ตั้งใจเรียนสม่ำเสมอ
0,เธอช่างติและยุยง เพื่อให้คนอื่นแตกคอกันโดยแท้
1,ทำได้แล้ว ดีใจมาก
1,โห สูงขึ้นเยอะเลยนะ น้องเนม
1,น้ำหนักลงสี่โลแล้วอ่อ คอนเกรทค่ะเพื่อน
1,อรุณสวัสดิ์ หัวหินอากาศดีเนอะ
1,สวยจัง พี่เบล
0,แม่เจ้า น้องหมาทำห้องเละอีกหรอ เป็นลมแปบ
1,เป็นงานที่ดูดีมาก ยอดเยี่ยม
0,เราก็อยากจะทำแบบที่แกบอก แต่ตอนนั้นเรายังไม่กล้าพอ
0,แย่ว่ะ มึงคิดถึงจิตใจแฟนมึงด้วยสิ เขาจะรับได้หราว่ะ
1,ขอบคุณแฟนคลับทุกคน ที่ทำให้ผมได้รับรางวัลนี้ครับ
0,เฟิร์นป่วยเป็นโรคไข้เลือดออกอ่ะ ตอนนี้นอนอยู่โรงบาลปิยะเวท
0,เมื่อเช้าวันนี้ไปรษณีย์ราชเทวีไฟไหม้ มีผู้บาดเจ็บสาหัส 2 ราย
1,พี่นารีถูกหวยเลขท้ายสามตัวมา 2 เดือนติดแล้วฮะ แม่
0,เจ้าประคุณฉันไม่เคยเจอใคร ขยันในเรื่องโง่เง่าเต่าตุนได้ดีเท่าเทอเลย
1,ชอบมากครับ พี่ป๊อบตาแหลม น้ำใจงามจริงๆ
1,นาฬิกาเรือนดังกล่าว งดงามเหลือเกิน
1,เคนทำอาหารเก่งตั้งแต่เด็กเชียวแหละ
0,โอ๋มันก็อ้วนมาตั้งแต่ไหนแต่ไรแล้วละ หนูเอ๋ย
0,แล้วไอ้วิน มึงจะให้อีดอกฉายไม่ทำเหี้ยไรเลย ไม่ได้นะเว้ย
1,บ้านเมืองนี้เป็นบ้านที่ดี ดั่งสวนสวรรค์สราญใจ
0,กระจุกกระจิก
0,กระดาน
0,แก่
0,เกรียน
0,เกเร
0,เกิน
0,ขวางโลก
0,ขัดสมาธิ
0,ขุ่น
0,คมคาย
0,กระเซอะกระเซิง
0,เคร่งขรึม
0,เครียด
0,งอ
0,งอแง
0,โง่
0,จังไร
0,จัญไร
0,เจือ
0,เจือจาง
0,ต่ำ
0,ต่ำต้อย
0,ฉูดฉาด
0,ชั่ว
0,ชู้สาว
0,ซวย
0,ซ้ำ
0,ซ้ำซ้อน
0,ซ้ำร้าย
0,เซ่อ
0,ดุดัน
0,ดุร้าย
0,ตกม้าตาย
0,ทราม
0,ทะลุ
0,ทุเรศ
0,เทียม
0,นักเลง
0,ลบ
0,เบื่อ
0,ปรัมปรา
0,เท็จ
0,ตอแหล
0,ตาขาว
0,ฉุนเฉียว
0,เฉโก
0,เฉื่อย
0,ชะงัด
0,ชู้สาว
0,ซวย
0,ซ้ำซ้อน
0,ซ้ำร้าย
0,ซุกซน
0,เซ
0,เซ่อ
0,เซา
0,ดื้อ
0,ดุร้าย
0,เดียรดาษ
0,ตกม้าตาย
0,ตรงข้าม
0,ตระหนี่ถี่เหนียว
0,ตอแหล
0,ตาขาว
0,ต่ำ
0,ต่ำต้อย
0,ติดเชื้อ
0,เตี้ย
0,ถวัล
0,ทรหด
0,ทราม
0,ทะลุ
0,ทื่อ
0,ทุเรศ
0,เท็จ
0,เทียม
0,น้อย
0,นักเลง
0,น่าย
0,บิ่น
0,บุ๋ม
0,เบี่ยง
0,เบื่อ
0,ป้อ
0,ปากเสีย
0,ปากหมา
0,ปาราชิก
0,เป็นลม
0,เปล่าเปลี่ยว
0,เปื่อย
0,แปร่ง
0,ผรุส
0,ผิด
0,ผิดหวัง
0,เผ็ดร้อน
0,เผล
0,แผลง
0,พด
0,พล่าน
0,พิการ
0,พี
0,ฟก
0,เพี้ยน
0,แพง
0,ฟก
0,ฟาง
0,แฟบ
0,มัวหมอง
0,โมเม
0,ยับ
0,ยืด
0,ยุ่งเหยิง
0,โย้
0,รกเรื้อ
0,ร่อแร่
0,รัดกุม
0,ร้าย
0,ร้ายกาจ
0,ริบ
0,รุนแรง
0,รุกรุย
0,รุ่ยร่าย
0,ล้ม
0,ลัก
0,ล้าสมัย
0,ลำบาก
0,ล้ำ
0,เลว
0,โลเล
0,ว่ายาก
0,วิปโยค
0,วิประโยค
0,วิเวก
0,สลัว
0,สวก
0,สวะ
0,สะเหล่อ
0,สั้น
0,สันหลังยาว
0,สับปลับ
0,สัพเพเหระ
0,สิ้นสติ
0,สูญ
0,เสีย
0,เสื่อมโทรม
0,เสื่อมเสีย
0,โสโครก
0,โสมม
0,หงุดหงิด
0,หน้าด้าน
0,หนาว
0,หมองมัว
0,หมิ่น
0,หยาบ
0,หยอก
0,หรี่
0,หลง
0,ห่วย
0,หวิว
0,หวะ
0,หึง
0,หัวสูง
0,เหงา
0,เหม็น
0,เหี้ย
0,เหียก
0,เหี้ยมโหด
0,แหย
0,โหดร้าย
0,โหดเหี้ยม
0,ไหม้
0,อกตัญญู
0,อกแตก
0,อลัชชี
0,อ้วก
0,อ้วน
0,อ๋อง
0,อ่อนเพลีย
0,อื้อฉาว
0,เอน
0,﻿ฆ่า
0,ตัด
0,ข่ม
0,ข่มขืน
0,ขโมย
0,ตาย
0,ตก
0,ล้ม
0,เสียใจ
0,กดดัน
0,กัก
0,กดขี่
0,กักขัง
0,กระชาก
0,กระวนกระวาย
0,กระแทก
0,กระทืบ
0,ก่อกวน
0,ก่อกรรมทำเข็ญ
0,กระทำชำเรา
0,กระทำอนาจาร
0,กระแทกกระทั้น
0,กระตุกหนวดเสือ
0,กระอัก
0,กระหึ่ม
0,กริ่งใจ
0,โกหก
0,กราดเกรี้ยว
0,กวาดล้าง
0,กรรโชก
0,กดราคา
0,ร้องไห้
0,กลัว
0,กลั่นแกล้ง
0,เศร้า
0,ร้องไห้
0,แพง
0,กำเริบ
0,แกว่ง
0,ขัดใจ
0,กล่าวหา
0,ก้าวก่าย
0,กำจัด
0,กังขา
0,กอบโกย
0,กวน
0,กวนตีน
0,กัด
0,กังวล
0,เกร็ง
0,เกรงกลัว
0,เกรงใจ
0,เกลียด
0,เกลื่อน
0,โกหก
0,แก่งแย่ง
0,ข่มขวัญ
0,ข่มขี่
0,ข่มขู่
0,ขวาง
0,ขัดขืน
0,ขัดข้อง
0,ขัดขวาง
0,ร้องเรียน
0,ขัง
0,ขาดแคลน
0,ขาดทุน
0,ขายชาติ
0,ขายขี้หน้า
0,ขายหน้า
0,ขาลง
0,ขี้
0,ขีดฆ่า
0,ขี้โม้
0,ขืน
0,ขืนใจ
0,ขู่
0,ขู่เข็ญ
0,ขูดรีด
0,เขี่ย
0,เขวี้ยง
0,คต
0,คดโกง
0,คดงอ
0,ครอบงำ
0,คลื่นไส้
0,คลาดเคลื่อน
0,คว้าน้ำเหลว
0,คว่ำ
0,คว่ำบาตร
0,คอร์รัปชัน
0,คะนอง
0,คับ
0,คับคั่ง
0,คัด
0,คัดค้าน
0,ค้าง
0,ค้างคา
0,ค้างคาใจ
0,คาใจ
0,คุกเข่า
0,คุ้มเกรง
0,คุมขัง
0,คุมตัว
0,เค้น
0,เคร่ง
0,เคร่งเครียด
0,เคราะห์ซ้ำกรรมซัด
0,เคือง
0,แค้น
0,ใคร่ครวญ
0,ฆ่าแกง
0,ฆาต
0,ฆ่าตัดตอน
0,ฆ่าฟัน
0,ฆ่าไม่ตายขายไม่ขาด
0,ฆ่ายกครัว
0,ฆ่าล้างโคตร
0,เฆี่ยน
0,งง
0,งงงวย
0,งก
0,งด
0,เงี่ยน
0,จน
0,จม
0,จำโซ่
0,จิก
0,จำนำ
0,จิตตก
0,จับกุม
0,จำกัด
0,เจ็บ
0,เจ็บไข้
0,เจ็บใจ
0,ฉ้อ
0,ฉี่
0,ฉีก
0,ชก
0,ชดใช้
0,ช่วงชิง
0,ช็อก
0,ชะงัก
0,ชะลอ
0,ชัก
0,ชักกระตุก
0,ชักใย
0,ชัง
0,ช้ำใจ
0,ชิง
0,ชิงชัง
0,ชิงดีชิงเด่น
0,ชิงนรกเกิด
0,ชิงสุกก่อนห่าม
0,ชิงหมาเกิด
0,ซ่อน
0,ซึม
0,ซึมซาบ
0,ซ้ำเติม
0,ซุก
0,ซุกซ่อน
0,แซว
0,แซะ
0,ไซ้
0,เณรคุณ
0,ด้อย
0,ดัดสันดาน
0,ดับ
0,ด่า
0,ด่าทอ
0,ดิ้น
0,ดื้อ
0,ดุ
0,ดูแคลน
0,ดูถูก
0,ดูหมิ่น
0,ดูหมิ่นถิ่นแคลน
0,เดา
0,เดือด
0,เดือดดาล
0,เดือดร้อน
0,แดก
0,แดกดัน
0,โดน
0,ได้เสีย
0,ตก
0,ตกงาน
0,ตกใจ
0,ตกนรกทั้งเป็น
0,ตกหลุม
0,ตกหลุมพราง
0,ตั้งแง่
0,ตายดาบหน้า
0,ตรม
0,ตบ
0,ตบตา
0,ตราหน้า
0,ต่อต้าน
0,ตอบโต้
0,ต่อย
0,ต่อสู้
0,ตอแหล
0,ตะลุมบอน
0,ตัดขาด
0,ต้าน
0,ตาย
0,ตายด้าน
0,ตาลาย
0,ตำหนิ
0,ติ
0,ติเตียน
0,ติดเชื้อ
0,ติดขัด
0,ตัดพ้อ
0,ตัดพ้อต่อว่า
0,ตี
0,ตีกิน
0,ถอน
0,ถีบ
0,ทรยศ
0,ถึงฆาต
0,ทรุด
0,ท่วม
0,ท้อ
0,ทะลึ่ง
0,ทักท้วง
0,ทุบ
0,ทุบตี
0,เท
0,เทกระจาด
0,แทง
0,แทงใจดำ
0,นอกใจ
0,เนรคุณ
0,บกพร่อง
0,บด
0,บ่น
0,บ่อน
0,บ่อนทำลาย
0,บาด
0,บาดหมาง
0,บานปลาย
0,บิด
0,บิดเบือน
0,เบน
0,เบียด
0,เบียดเบียน
0,เบื่อ
0,เบื่อหน้า
0,โบ้ย
0,ปฏิเสธ
0,ปด
0,ปน
0,ประจาน
0,ประจาร
0,ประชด
0,ประชดประชัน
0,ประณาม
0,ประท้วง
0,ประมาท
0,ปรับ
0,ปราบ
0,ปราบปราม
0,ปลงใจ
0,ป่วย
0,ปลงชีวิต
0,ปลง
0,ปล้น
0,ปล้นสะดม
0,ปลอม
0,ปรำ
0,ปวด
0,ปลอมปน
0,ปะทะ
0,ปะปน
0,ปาด
0,เป็นลม
0,เปลือง
0,โป๊
0,ผลัก
0,ผัด
0,ผัดวันประกันพรุ่ง
0,ผ่า
0,เผ่น
0,ลืม
0,หลบหนี
0,ความขมขื่น
0,ความขมุกขมัว
0,ความขุ่นเคือง
0,ความข้องใจ
0,ความฉิบหาย
0,ความชั่วช้า
0,ความซ้ำซ้อน
0,ความดื้อ
0,ความทรุดโทรม
0,ฟุ่มเฟือย
0,ฟุ้งเฟ้อ
0,กระจุกกระจิก
0,กระดาน
0,แก่
0,เกรียน
0,คลุมเครือ
0,คลุมถุงชน
0,เกเร
0,เกิน
0,ช้า
0,วิกฤติ
0,เจ็บปวด
0,ความลึกลับ
0,เผด็จการ
0,ขัดแย้ง
0,องควิการ
0,รังเกียจ
0,อกหัก
0,ไร้สาระ
0,คงขาด
0,คบชู้
0,ครหา
0,คบชู้สู่ชาย
0,กำกวม
0,มืด
0,ฮือ
0,ลึกลับ
0,กลุ้มใจ
0,น่ากลัว
0,เกียจคร้าน
0,ขวางโลก
0,เศร้าใจ
0,ไม่มีทางรักษา
0,สิ้นหวัง
0,ไร้ผล
0,อัมพาต
0,เศร้าซึม
0,สลดใจ
0,ท้อแท้
0,น่าเบื่อ
0,กระสับกระส่าย
0,ขัดสมาธิ
0,ขุ่น
0,คมคาย
0,กระเซอะกระเซิง
0,เคร่งขรึม
0,คระหาย
0,กระหาย
0,คระเมิม
0,เครียด
0,คบไม่ได้
0,งอ
0,งอแง
0,โง่
0,จังไร
0,ไม่สน
0,จัญไร
0,เจือ
0,เจือจาง
0,ต่ำ
0,ต่ำต้อย
0,ฉูดฉาด
0,ชั่ว
0,ชู้สาว
0,ซวย
0,ซ้ำ
0,ซ้ำซ้อน
0,ซ้ำร้าย
0,เซ่อ
0,ดุดัน
0,ดุร้าย
0,ตกม้าตาย
0,ทราม
0,ทะลุ
0,ทุเรศ
0,เทียม
0,นักเลง
0,ลบ
0,เบื่อ
0,ปรัมปรา
0,เท็จ
0,ตอแหล
0,ตาขาว
0,ฉุนเฉียว
0,เฉโก
0,เฉื่อย
0,ชะงัด
0,ชู้สาว
0,ซวย
0,ซ้ำซ้อน
0,ซ้ำร้าย
0,ซุกซน
0,เซ
0,เซ่อ
0,เซา
0,ดื้อ
0,ดุร้าย
0,เดียรดาษ
0,ตกม้าตาย
0,ตรงข้าม
0,ตระหนี่ถี่เหนียว
0,ตอแหล
0,ตาขาว
0,ต่ำ
0,ต่ำต้อย
0,ติดเชื้อ
0,เตี้ย
0,ถวัล
0,ทรหด
0,ทราม
0,ทะลุ
0,ทื่อ
0,ทุเรศ
0,เท็จ
0,เทียม
0,น้อย
0,นักเลง
0,น่าย
0,บิ่น
0,บุ๋ม
0,เบี่ยง
0,เบื่อ
0,ป้อ
0,ปากเสีย
0,ปากหมา
0,ปาราชิก
0,เป็นลม
0,เปล่าเปลี่ยว
0,เปื่อย
0,แปร่ง
0,ผรุส
0,ผิด
0,ผิดหวัง
0,เผ็ดร้อน
0,เผล
0,แผลง
0,พด
0,พล่าน
0,พิการ
0,พี
0,ฟก
0,เพี้ยน
0,แพง
0,ฟก
0,ฟาง
0,แฟบ
0,มัวหมอง
0,โมเม
0,ยับ
0,ยืด
0,ยุ่งเหยิง
0,โย้
0,รกเรื้อ
0,ร่อแร่
0,รัดกุม
0,ร้าย
0,ร้ายกาจ
0,ริบ
0,รุนแรง
0,รุกรุย
0,รุ่ยร่าย
0,ล้ม
0,ลัก
0,ล้าสมัย
0,ลำบาก
0,ล้ำ
0,เลว
0,โลเล
0,ยาก
0,ว่ายาก
0,วิปโยค
0,วิประโยค
0,วิเวก
0,สลัว
0,สวก
0,สวะ
0,สะเหล่อ
0,สั้น
0,สันหลังยาว
0,สับปลับ
0,สัพเพเหระ
0,สิ้นสติ
0,สูญ
0,โทรม
0,เสีย
0,เสื่อมโทรม
0,เสื่อมเสีย
0,โสโครก
0,โสมม
0,หงุดหงิด
0,หน้าด้าน
0,หนาว
0,หมองมัว
0,หมิ่น
0,หยาบ
0,หยอก
0,หรี่
0,หลง
0,ห่วย
0,หวิว
0,หวะ
0,หึง
0,หัวสูง
0,เหงา
0,เหม็น
0,ไม่เชื่อ
0,เหี้ย
0,บรรลัย
0,เหียก
0,เหี้ยมโหด
0,แหย
0,โหดร้าย
0,ทำสงคราม
0,ทำอันตราย
0,ทำเป็นทองไม่รู้ร้อน
0,ทำเป็นเล่น
0,ทำเล่นๆ
0,ทำโดยพลการ
0,ทำเอาเจ็บ
0,ทิ้งขว้าง
0,ทิ้งๆ ขว้างๆ
0,ไม่รู้คุณ
0,ไม่รู้จบรู้สิ้น
0,ทำใจไม่ได้
0,ดูไม่ได้
0,ด่า
0,ด่ากลับ
0,ไม่รู้ไม่ชี้
0,ไม่ลงตัว
0,วุ่นวาย
0,วุ่นวายใจ
0,ก่อความวุ่นวาย
0,สับสนวุ่นวาย
0,สับสน
0,ไม่รู้สึกตัว
0,ไม่ลงรอย
0,ไม่ลงรอยกัน
0,ไม่สบายใจ
0,ไม่สมบูรณ์
0,ไม่สมฐานะ
0,ไม่สม่ำเสมอ
0,ไม่สมควร
0,ไม่อร่อย
0,ไม่เข้ากัน
0,ไม่เจียมกะลาหัว
0,ไม่เชื่อ
0,ไม่เหมาะสม
0,ไม่เห็นค่า
0,ไม่เห็นด้วย
0,ละเลย
0,มีโทษ
0,มอมเมา
0,มอมเหล้า
0,มากเกินไป
0,มีความผิด
0,มีชู้
0,มีปัญหา
0,ไม่เอาไหน
0,ไม่ใช่
0,ไม่ได้เรื่อง
0,ไม่ไว้วางใจ
0,ไม่ไว้หน้าใคร
0,ไม่ไว้ใจ
0,ไม่ไหว
0,อดไม่ไหว
0,ทนไม่ไหว
0,สละสิทธิ์
0,ขับไล่
0,ขับไล่ไสส่ง
0,ไล่ออก
0,เมื่อย
0,ทำร้าย
0,ไม่สวย
0,ไม่สะไม่สวย
0,โหดเหี้ยม
0,ไหม้
0,อกตัญญู
0,อกแตก
0,อลัชชี
0,อ้วก
0,อ้วน
0,ทำมิดีมิร้าย
0,ทำลายขวัญ
0,ทำลายล้าง
0,อ๋อง
0,อ่อนเพลีย
0,อื้อฉาว
0,เอน
0,ฆ่า
0,ตัด
0,ข่ม
0,ข่มขืน
0,ขโมย
0,ตาย
0,ตก
0,ทุจริต
0,ล้ม
0,เสียใจ
0,กดดัน
0,กัก
0,กดขี่
0,กักขัง
0,กระชาก
0,กระวนกระวาย
0,กระแทก
0,กระทืบ
0,ก่อกวน
0,ก่อกรรมทำเข็ญ
0,กระทำชำเรา
0,กระทำอนาจาร
0,กระแทกกระทั้น
0,กระตุกหนวดเสือ
0,กระอัก
0,กระหึ่ม
0,กริ่งใจ
0,โกหก
0,กราดเกรี้ยว
0,กวาดล้าง
0,กรรโชก
0,กดราคา
0,ร้องไห้
0,กลัว
0,กลั่นแกล้ง
0,เศร้า
0,ร้อนตัว
0,ร้าว
0,ร้าวราน
0,แพง
0,เมา
0,ลดเกียรติ
0,ลาตาย
0,ลำบากใจ
0,ล่มจม
0,ล่มสลาย
0,ล่วงประเวณี
0,ล่วงละเมิด
0,ล่อแหลม
0,กดหัว
0,กำเริบ
0,แกว่ง
0,ขัดใจ
0,กล่าวหา
0,ก้าวก่าย
0,กำจัด
0,กังขา
0,กอบโกย
0,กวน
0,กวนตีน
0,กัด
0,กังวล
0,ไฟไหม้
0,น้ำท่วม
0,สึนามิ
0,ทำบาป
0,ทำบาปทำกรรม
0,ไอ้เวร
0,ไอ้บ้า
0,ไอ้
0,คิดมาก
0,คิดมิดีมิร้าย
0,คิดร้าย
0,ถุย
0,ถุยน้ำลาย
0,เกร็ง
0,เกรงกลัว
0,ปาดคอ
0,รุม
0,รุมล้อม
0,ชั่งแม่ง
0,แม่ง
0,มั่ว
0,มั่วซั่ว
0,มั่วนิ่ม
0,มั่วสุม
0,ติดคุก
0,คุก
0,เกรงใจ
0,เกลียด
0,ไม่มีแรง
0,ไม่มีใคร
0,ไม่มีสติ
0,ไม่มีน้ำใจ
0,ไม่มี
0,ไม่มีการศึกษา
0,เกลื่อน
0,โกหก
0,แก่งแย่ง
0,แย่
0,คอรัปชัน
0,เหลื่อมล้ำ
0,ข่มขวัญ
0,ข่มขี่
0,ข่มขู่
0,ขวาง
0,ขัดขืน
0,ขัดข้อง
0,ขัดขวาง
0,ร้องเรียน
0,ขัง
0,ขาดแคลน
0,ขาดทุน
0,ขายชาติ
0,ขายขี้หน้า
0,ขายหน้า
0,ขาลง
0,เปียก
0,ขี้
0,ขีดฆ่า
0,ขี้โม้
0,ขืน
0,ขืนใจ
0,ขู่
0,ขู่เข็ญ
0,ขูดรีด
0,เขี่ย
0,ทรมาน
0,เขวี้ยง
0,โกง
0,คต
0,คดโกง
0,คดงอ
0,ครอบงำ
0,คลื่นไส้
0,คลาดเคลื่อน
0,คว้าน้ำเหลว
0,คว่ำ
0,คว่ำบาตร
0,คอร์รัปชัน
0,คะนอง
0,คับ
0,คับคั่ง
0,ค้างชำระ
0,ชอบกล
0,คัด
0,คัดค้าน
0,ค้าง
0,ค้างคา
0,ค้างคาใจ
0,คาใจ
0,คุกเข่า
0,คุ้มเกรง
0,คุมขัง
0,คุมตัว
0,เค้น
0,ชัดช้า
0,ความหดหู่
0,หดหู่
0,หดหู่ใจ
0,ความสูญเสีย
0,ความหงุดหงิด
0,เคร่ง
0,อย่างเคร่งเครียด
0,ตึงเครียด
0,ความเคร่งเครียด
0,ผิดจารีตประเพณี
0,ผิดจังหวะ
0,ผิดคำพูด
0,ผิดคำสัตย์
0,เคร่งเครียด
0,เคราะห์ซ้ำกรรมซัด
0,เคือง
0,แค้น
0,ใคร่ครวญ
0,ฆ่าแกง
0,มดเท็จ
0,ฆาต
0,ฆ่าตัดตอน
0,ฆ่าฟัน
0,ฆ่าไม่ตายขายไม่ขาด
0,ฆ่ายกครัว
0,ฆ่าล้างโคตร
0,ม้วนหน้า
0,เฆี่ยน
0,งง
0,จก
0,งงงวย
0,งก
0,งด
0,เงี่ยน
0,จน
0,จม
0,จำโซ่
0,จิก
0,จำนำ
0,จิตตก
0,จับกุม
0,จำกัด
0,เจ็บ
0,เจ็บไข้
0,เจ็บใจ
0,ฉ้อ
0,ฉี่
0,ฉีก
0,ชก
0,ชดใช้
0,ช่วงชิง
0,ช็อก
0,ชะงัก
0,ชะลอ
0,ชัก
0,ชักกระตุก
0,ชักใย
0,ชัง
0,ช้ำใจ
0,ชิง
0,เซ็ง
0,ชิงชัง
0,ชิงดีชิงเด่น
0,ชิงนรกเกิด
0,ชิงสุกก่อนห่าม
0,ชิงหมาเกิด
0,ซ่อน
0,ซึม
0,ซึมซาบ
0,ซ้ำเติม
0,ซุก
0,ซุกซ่อน
0,แซว
0,แซะ
0,ไซ้
0,เณรคุณ
0,แดก
0,ด้อย
0,ล่มสลาย
0,ช่างมัน
0,ทาส
0,ดัดสันดาน
0,ดับ
0,ภาวะมลพิษ
0,ภาวะวิกฤติ
0,ภาวะสงคราม
0,ด่าทอ
0,ดิ้น
0,ละเหี่ยใจ
0,ดื้อ
0,ดุ
0,ดูแคลน
0,แคบ
0,ดูถูก
0,ดูถูกดูแคลน
0,ดูหมิ่น
0,ดูหมิ่นถิ่นแคลน
0,อิจฉาริษยา
0,เดา
0,เดือด
0,เดือดดาล
0,เดือดร้อน
0,แดก
0,แดกดัน
0,โดน
0,ได้เสีย
0,สงสาร
0,โมโห
0,โรคจิต
0,อีห่า
0,แม่ง
0,ไม่เกรงใจ
0,แทงคอ
0,แทง
0,เหนื่อย
0,ตก
0,ตกงาน
0,โหยหา
0,ฝืน
0,ตกใจ
0,ตกนรกทั้งเป็น
0,ตกหลุม
0,ตกหลุมพราง
0,ตั้งแง่
0,ตายดาบหน้า
0,ตรม
0,ตบ
0,ตบตา
0,ตราหน้า
0,ต่อต้าน
0,ตอบโต้
0,ต่อย
0,ต่อสู้
0,ตอแหล
0,ตะลุมบอน
0,ตัดขาด
0,ต้าน
0,ตาย
0,ตายด้าน
0,ตาลาย
0,ตำหนิ
0,ติ
0,ติเตียน
0,ติดเชื้อ
0,ติดขัด
0,ตัดพ้อ
0,ตัดพ้อต่อว่า
0,ตี
0,ตีกิน
0,ถอน
0,ถีบ
0,ทรยศ
0,ถึงฆาต
0,ทรุด
0,ท่วม
0,ท้อ
0,ทะลึ่ง
0,ทักท้วง
0,ทุบ
0,ทุบตี
0,เท
0,เทกระจาด
0,แทง
0,แทงใจดำ
0,นอกใจ
0,เนรคุณ
0,บกพร่อง
0,ร่วงโรย
0,บด
0,บ่น
0,อำเภอใจ
0,บ่อน
0,บ่อนทำลาย
0,บาด
0,บาดหมาง
0,บานปลาย
0,บิด
0,บิดเบือน
0,เบน
0,เบียด
0,เบียดเบียน
0,ขี้ข้า
0,เบื่อ
0,เบื่อหน้า
0,โบ้ย
0,ปฏิเสธ
0,ปด
0,ปน
0,ประจาน
0,ประจาร
0,ประชด
0,ประชดประชัน
0,ประณาม
0,ประท้วง
0,อันตราย
0,ประมาท
0,ปรับ
0,ความผิดพลาด
0,ถอยหลัง
0,ปราบ
0,ปราบปราม
0,ปลงใจ
0,ป่วย
0,ปลงชีวิต
0,ปลง
0,ปล้น
0,ปล้นสะดม
0,อกตัญญู
0,อดตาย
0,อดนอน
0,อดหลับอดนอน
0,ความไม่แน่นอน
0,คว่ำบาตร
0,คับอกคับใจ
0,คับแค
0,คับแคบ
0,คับแค้น
0,คับแค้นใจ
0,คับใจ
0,คาดโทษ
0,ปลอม
0,ปรำ
0,ยอมแพ้
0,ปวด
0,ปลอมปน
0,ปะทะ
0,บ้า
0,ปะปน
0,เคียดแค้น
0,ชั่วร้าย
0,ไม่ทน
0,หวงห้าม
0,ปาด
0,ล้มเหลว
0,เศร้าโศก
0,ไม่ยุติธรรม
0,น่าเวทนา
0,ความฉิบหาย
0,ขม
0,ไม่มีอารมณ์
0,ทุกข์ยาก
0,ยากจน
0,ไม่เพียงพอ
0,อึดอัด
0,ตกใจ
0,ไม่ลงรอยกัน
0,ขี้ขลาด
0,เงอะงะ
0,ลังเล
0,ฉุนเฉียว
0,ดื้อดึง
0,หายไป
0,เป็นลม
0,เยาะเย้ย
0,ปราบปราม
0,ดูหมิ่น
0,ชัง
0,เปลือง
0,เสแสร้ง
0,โป๊
0,ซับซ้อน
0,ใจร้อน
0,ผลัก
0,พังทลาย
0,พังพินาศ
0,พังยับเยิน
0,อกคราก
0,ขี้อาย
0,ย่ำแย่
0,แย่จัง
0,แย่มาก
0,ใจลอย
0,ใจสลาย
0,เสี่ยง
0,ขอโทษ
0,ผัด
0,อกจะแตก
0,ผัดวันประกันพรุ่ง
0,ผ่า
0,เผ่น
0,เป็นไปไม่ได้
0,ลืม
0,ฟุ้งซ่าน
0,ดรามา
0,ดราม่า
0,ไม่ดี
0,หมดกำลัง
0,หมดกำลังใจ
0,หมดความรู้สึก
0,หมดค่า
0,หมดจิตหมดใจ
0,หมดตัว
0,ให้การเท็จ
0,เสียกำลัง
0,เสียกำลังใจ
0,ความเดือดร้อน
0,เอาแต่ใจตัวเอง
1,กตเวที
1,กตัญญู
1,กล้า
1,กรุณา
1,กันเอง
1,ขำ
1,แข็ง
1,แข็งแกร่ง
1,แข็งขัน
1,แข็งแรง
1,ครื้นครึก
1,ครึกครื้น
1,แจ่ม
1,แจ่มใส
1,ชัดเจน
1,ชุ่มชื้น
1,เชี่ยวชาญ
1,เด่น
1,เต็ม
1,ทันสมัย
1,ทรหด
1,แถม
1,แท้
1,นวล
1,น่ารัก
1,นุ่ม
1,นูน
1,เน้น
1,แน่
1,แน่ชัด
1,บริบูรณ์
1,บวก
1,เบา
1,เบาใจ
1,เบิกบาน
1,ปราดเปรียว
1,ประณีต
1,อดทน
1,ทน
1,ฉลาด
1,ชัดเจน
1,ตรง
1,ตงฉิน
1,โต
1,แท้
1,จริง
1,เน้น
1,แน่
1,แน่ชัด
1,แน่แน่ว
1,แน่ว
1,แน่วแน่
1,บริบูรณ์
1,บ้องแบ๊ว
1,เบาใจ
1,เบิกบาน
1,ประณีต
1,ประดิษฐ
1,ประดิษฐ์
1,ประหลาด
1,ปราดเปรียว
1,ปลั่ง
1,แปล้
1,ผ่อง
1,ผ่องใส
1,ถูก
1,พริ้งเพรา
1,สวยงาม
1,พะงา
1,พิทักษ์
1,พูน
1,เพราพริ้ง
1,เพราเพริศ
1,เพริศแพร้ว
1,เพริศพราย
1,เพา
1,มหา
1,มอน
1,มนุญ
1,มั่งคั่ง
1,มั่งมี
1,มั่นคง
1,ยอดเยี่ยม
1,เยี่ยม
1,เยี่ยมยอด
1,ยุ้ย
1,รจนา
1,รอบคอบ
1,ร่ำรวย
1,รุ่ง
1,รุ่งเรือง
1,รุ่งโรจน์
1,เร็ว
1,เร้า
1,เรือง
1,ลอยด
1,ละเอียด
1,ละมุน
1,ละมุนละม่อม
1,ทันสมัย
1,ล้ำเลิศ
1,ลึกซึ้ง
1,เล่อ
1,แล้
1,วาว
1,วิรุฬห์
1,ศุกร
1,สดใส
1,สนิท
1,สนิทสนม
1,สบาย
1,สมจริง
1,สมบูรณ์
1,สร้างสรรค์
1,สวย
1,สวยงาม
1,สห
1,สะดวก
1,สะอาด
1,สัณห์
1,สำรวม
1,สำเร็จ
1,สุก
1,สุข
1,สุขี
1,สุภาพ
1,สูง
1,สูงส่ง
1,เสมอ
1,ใส
1,หนาแน่น
1,หนุน
1,หนุ่มแน่น
1,เหมาะเจาะ
1,เหมาะสม
1,อร่อย
1,อธิ
1,ใหญ่โต
1,อติ
1,อ่อนโยน
1,อัศจรรย์
1,อิฏฐ
1,อึด
1,โอชะ
1,ฮ้อ
1,เฮง
1,ฮา
1,ดี
1,ดูแลตัวเอง
1,ดูแลรักษา
1,ดูแลเอาใจใส่
1,ดีใจ
1,หอม
1,กรวด
1,อุ่นใจ
1,อุ้มชู
1,เข้าตา
1,เข้าตากรรมการ
1,กรวดน้ำ
1,รัก
1,ชอบ
1,กราบ
1,กลับใจ
1,กอด
1,การันตี
1,เหลือเชื่อ
1,เด่น
1,งดงาม
1,ก้าว
1,ก้าวหน้า
1,เรียน
1,กรุ่ม
1,กล้าหาญ
1,การันตี
1,พบ
1,เจอ
1,ช่วย
1,เล่น
1,อนุมัติ
1,กตเวที
1,กตัญญู
1,กล้า
1,กรุณา
1,กันเอง
1,ขำ
1,แข็ง
1,แข็งแกร่ง
1,แข็งขัน
1,ปรองดอง
1,แข็งแรง
1,ครื้นครึก
1,รวดเร็ว
1,ครึกครื้น
1,แจ่ม
1,แจ่มใส
1,ชัดเจน
1,ชัดแจ้ง
1,ชัดแจ๋ว
1,ชัดถ้อยชัดคำ
1,ชุ่มชื้น
1,โปรด
1,นิรโทษ
1,หวาน
1,น่ารื่นรมย์
1,ปาฏิหาริย์
1,หายาก
1,เชี่ยวชาญ
1,เด่น
1,ไม่เคย
1,น่ากอด
1,เต็ม
1,ทันสมัย
1,ทรหด
1,แถม
1,ความเป็นกลาง
1,เป็นกลาง
1,แท้
1,นวล
1,ขอบใจ
1,ขอบคุณ
1,น่ารัก
1,นุ่ม
1,นูน
1,เน้น
1,แน่
1,แน่ชัด
1,บริบูรณ์
1,บวก
1,เบา
1,เบาใจ
1,เบิกบาน
1,ปราดเปรียว
1,ประณีต
1,ศานติ
1,อดทน
1,ทน
1,ฉลาด
1,ประหยัด
1,คิดถึง
1,อบอุ่น
1,ความสุข
1,สุข
1,เคารพ
1,นับถือ
1,รักษา
1,ตรง
1,คำนึงถึง
1,สรรเสริญ
1,ติดตาม
1,ประทับใจ
1,บำรุง
1,ซาบซึ้ง
1,เชื่อฟัง
1,ตงฉิน
1,ไม่หวั่น
1,รอยยิ้ม
1,ยิ้ม
1,ประทับใจ
1,ระวัง
1,โต
1,นมัสการ
1,แท้
1,จริง
1,เน้น
1,แน่
1,แน่ชัด
1,แน่แน่ว
1,แน่ว
1,ภูมิใจ
1,มงคล
1,มงคลสมรส
1,มหัศจรรย์
1,มหัศจรรย์ใจ
1,มีความรู้
1,มีความยินดี
1,มีความหวัง
1,แน่วแน่
1,บริบูรณ์
1,บ้องแบ๊ว
1,เบาใจ
1,เบิกบาน
1,ประณีต
1,ประดิษฐ
1,ประดิษฐ์
1,น่าประหลาด
1,ประหลาด
1,ปราดเปรียว
1,ปลั่ง
1,แปล้
1,ผ่อง
1,อดออม
1,อนุโมทนา
1,คว้ารางวัล
1,คุ้มครอง
1,คุ้มครองรักษา
1,ทำลายสถิติ
1,ทำสำเร็จ
1,ที่เชื่อถือได้
1,ไม่เป็นอันตราย
1,ผ่องใส
1,ถูก
1,พริ้งเพรา
1,สวยงาม
1,พะงา
1,พิทักษ์
1,พูน
1,เพราพริ้ง
1,เพราเพริศ
1,เพริศแพร้ว
1,เพริศพราย
1,เพา
1,มหา
1,มอน
1,มนุญ
1,มั่งคั่ง
1,มั่งมี
1,มั่นคง
1,ยอดเยี่ยม
1,เยี่ยม
1,เยี่ยมยอด
1,ยุ้ย
1,รจนา
1,เงียบสงบ
1,ปลอดภัย
1,ที่ปลอดภัย
1,ทำบุญ
1,ทำบุญทำทาน
1,หยุดนิ่ง
1,เงียบสงบ
1,รักสงบ
1,มากมาย
1,ตกลง
1,ซื่อสัตย์
1,เป็นกันเอง
1,รอบคอบ
1,ร่ำรวย
1,โดดเด่น
1,ตามควร
1,รุ่ง
1,รุ่งเรือง
1,รุ่งโรจน์
1,ขยันหมั่นเพียร
1,มีประสิทธิภาพ
1,เร็ว
1,เร้า
1,เรือง
1,ลอยด
1,ละเอียด
1,ละมุน
1,ละมุนละม่อม
1,ทันสมัย
1,ล้ำเลิศ
1,ลึกซึ้ง
1,เล่อ
1,แล้
1,ความชื่นชม
1,ความชื่นชมยินดี
1,ความชื่นชอบ
1,ความชื่นบาน
1,ความดี
1,ความดีงาม
1,ความดีใจ
1,ความทัดเทียม
1,วาว
1,วิรุฬห์
1,เสถียรภาพ
1,ชนะ
1,เสริมสร้าง
1,ความแข็งแรง
1,สร้าง
1,เพลิดเพลิน
1,ความรัก
1,ศุกร
1,สมดุล
1,ยังชีพ
1,น่านับถือ
1,สด
1,สดใส
1,สนใจไยดี
1,เกียรติ
1,สนิท
1,สนิทสนม
1,สบาย
1,สมจริง
1,สมบูรณ์
1,สร้างสรรค์
1,สวย
1,สวยงาม
1,สห
1,สะดวก
1,สะอาด
1,สัณห์
1,สำรวม
1,สำเร็จ
1,สุก
1,สุข
1,สุขี
1,สุภาพ
1,สูง
1,สูงส่ง
1,เสมอ
1,ใส
1,หนาแน่น
1,หนุน
1,หนุ่มแน่น
1,เหมาะเจาะ
1,เหมาะสม
1,มีประโยชน์
1,อร่อย
1,อธิ
1,มีเหตุผล
1,ทุ่มเท
1,โรแมนติก
1,ถูกกาลเทศะ
1,มีชีวิตชีวา
1,มีชีวิตรอด
1,มีชื่อ
1,มีชื่อเสียง
1,ตื่นเต้น
1,กระตือรือร้น
1,ตื่นเต้น
1,พร้อม
1,ใหญ่โต
1,มั่นอกมั่นใจ
1,ลงตัว
1,คล่องแคล่ว
1,คล่องมือ
1,คล่องตัว
1,ใส่ใจ
1,ไม่ได้ยอมแพ้
1,เมตตา
1,มีประสิทธิผล
1,มีประสิทธิภาพ
1,มีประโยชน์
1,มีอิสรภาพ
1,มีเงินทอง
1,มีเงินมีทอง
1,สนใจ
1,สุขสันต์
1,ชอบด้วยกฎหมาย
1,ชอบธรรม
1,เห็นด้วย
1,อติ
1,สนุก
1,อ่อนโยน
1,คบค้า
1,คบหา
1,คบหา
1,คบหาสมาคม
1,อ่อนโยน
1,มนุญ
1,คณิกา
1,ความสงบ
1,สงบ
1,อัศจรรย์
1,ประมาณ
1,อิฏฐ
1,อึด
1,ประชาธิปไตย 
1,โอชะ
1,ฮ้อ
1,เฮง
1,ฮา
1,คุณค่า
1,นับถือ
1,อย่า
1,ฟรี
1,ให้กำลังใจ
1,กำลังใจ
1,ให้ความร่วมมือ
1,ให้ความสนใจ
1,ขอพร
1,ใจรัก
1,เชื่อมั่น
1,ความเชื่อมั่น
1,ความเชื่อมั่นในตนเอง
1,เอาใจใส่
1,เอาใจเขามาใส่ใจเรา
1,ความเอาใจใส่
1,ความเอื้ออาทร
1,ความเอื้อเฟื้อ
1,พอใจ
1,น่าพอใจ
1,น่าประทับใจ
1,น่าพึงพอใจ
1,น่าฟัง
1,น่าภาคภูมิใจ
1,น่ามหัศจรรย์
1,น่ายกย่อง
1,น่ายินดี
1,สนุกสนาน
1,ดี
1,ดีใจ
1,กรวด
1,กรวดน้ำ
1,รัก
1,ชอบ
1,กราบ
1,กลับใจ
1,กอด
1,การันตี
1,ก้าว
1,ก้าวหน้า
1,เรียน
1,กรุ่ม
1,กล้าหาญ
1,การันตี
1,พบ
1,เจอ
1,ช่วย
1,เล่น
1,อนุมัติ
